<annotation>
	<folder>lunwenzhaopian</folder>
	<filename>000002.jpg</filename>
	<path>E:\lunwenzhaopian\000002.jpg</path>
	<source>
		<database>Unknown</database>
	</source>
	<size>
		<width>4608</width>
		<height>2176</height>
		<depth>3</depth>
	</size>
	<segmented>0</segmented>
	<object>
		<name>disconnector</name>
		<pose>Unspecified</pose>
		<truncated>0</truncated>
		<difficult>0</difficult>
		<bndbox>
			<xmin>1096</xmin>
			<ymin>391</ymin>
			<xmax>1874</xmax>
			<ymax>1294</ymax>
		</bndbox>
	</object>
	<object>
		<name>disconnector</name>
		<pose>Unspecified</pose>
		<truncated>0</truncated>
		<difficult>0</difficult>
		<bndbox>
			<xmin>1771</xmin>
			<ymin>747</ymin>
			<xmax>2261</xmax>
			<ymax>1431</ymax>
		</bndbox>
	</object>
	<object>
		<name>disconnector</name>
		<pose>Unspecified</pose>
		<truncated>0</truncated>
		<difficult>0</difficult>
		<bndbox>
			<xmin>2130</xmin>
			<ymin>938</ymin>
			<xmax>2643</xmax>
			<ymax>1531</ymax>
		</bndbox>
	</object>
</annotation>
